boundary,lambda,agency_regeneration,agency_transformative_gain,gamma,k_p,f_target,mean_friction,mean_transformative_capacity,mean_human_agency,mean_ai_intervention,adaptive_window_fraction,final_friction,final_transformative_capacity,final_human_agency,final_ai_intervention,adaptive_score,agency_compression_score,R_eff,regime
homeostatic_trap_boundary,0.05,0.005,0.005,0.4,0.16,0.15,0.15571244290742936,0.09601898268585939,0.8366825493822934,0.8807589314623087,0.019,0.15023779179019447,0.08490681024664234,0.6876489923742097,0.9139528185022696,0.4663507660340764,0.16331745061770664,8.035982454464035,capacity_suppression
homeostatic_trap_boundary,0.05025,0.005,0.005,0.4,0.16,0.15,0.15571244290742936,0.09601898268585939,0.8358585354179904,0.8807589314623087,0.019,0.15023779179019447,0.08490681024664234,0.6861869991247764,0.9139528185022696,0.4659387590519249,0.16414146458200962,8.076162366736355,capacity_suppression
homeostatic_trap_boundary,0.0505,0.005,0.005,0.4,0.16,0.15,0.15571244290742936,0.09601898268585939,0.8350356728173345,0.8807589314623087,0.019,0.15023779179019447,0.08490681024664234,0.6847281838128857,0.9139528185022696,0.46552732775159694,0.16496432718266552,8.116342279008675,capacity_suppression
homeostatic_trap_boundary,0.05075,0.005,0.005,0.4,0.16,0.15,0.15571244290742936,0.09601898268585939,0.8342139597375285,0.8807589314623087,0.019,0.15023779179019447,0.08490681024664234,0.683272539498882,0.9139528185022696,0.46511647121169397,0.16578604026247146,8.156522191280995,capacity_suppression
homeostatic_trap_boundary,0.051,0.005,0.005,0.4,0.16,0.15,0.15571244290742936,0.09601898268585939,0.8333933943389383,0.8807589314623087,0.019,0.15023779179019447,0.08490681024664234,0.6818200592582659,0.9139528185022696,0.46470618851239887,0.16660660566106167,8.196702103553314,capacity_suppression
homeostatic_trap_boundary,0.05125,0.005,0.005,0.4,0.16,0.15,0.15571244290742936,0.09601898268585939,0.8325739747851058,0.8807589314623087,0.019,0.15023779179019447,0.08490681024664234,0.6803707361816952,0.9139528185022696,0.4642964787354826,0.16742602521489425,8.236882015825634,capacity_suppression
homeostatic_trap_boundary,0.0515,0.005,0.005,0.4,0.16,0.15,0.15571244290742936,0.09601898268585939,0.8317556992427276,0.8807589314623087,0.019,0.15023779179019447,0.08490681024664234,0.6789245633749175,0.9139528185022696,0.4638873409642935,0.16824430075727237,8.277061928097956,capacity_suppression
homeostatic_trap_boundary,0.05175,0.005,0.005,0.4,0.16,0.15,0.15571244290742936,0.09601898268585939,0.8309385658816605,0.8807589314623087,0.019,0.15023779179019447,0.08490681024664234,0.6774815339587626,0.9139528185022696,0.46347877428375994,0.16906143411833952,8.317241840370276,capacity_suppression
homeostatic_trap_boundary,0.052,0.005,0.005,0.4,0.16,0.15,0.15571244290742936,0.09601898268585939,0.8301225728749082,0.8807589314623087,0.019,0.15023779179019447,0.08490681024664234,0.6760416410690953,0.9139528185022696,0.4630707777803838,0.1698774271250918,8.357421752642596,capacity_suppression
homeostatic_trap_boundary,0.05225,0.005,0.005,0.4,0.16,0.15,0.15571244290742936,0.09601898268585939,0.8293077183986225,0.8807589314623087,0.019,0.15023779179019447,0.08490681024664234,0.6746048778567879,0.9139528185022696,0.46266335054224095,0.1706922816013775,8.397601664914916,capacity_suppression
homeostatic_trap_boundary,0.0525,0.005,0.005,0.4,0.16,0.15,0.15571244290742936,0.09601898268585939,0.8284940006320893,0.8807589314623087,0.019,0.15023779179019447,0.08490681024664234,0.6731712374876871,0.9139528185022696,0.46225649165897437,0.17150599936791067,8.437781577187236,capacity_suppression
homeostatic_trap_boundary,0.05275,0.005,0.005,0.4,0.16,0.15,0.15571244290742936,0.09601898268585939,0.8276814177577304,0.8807589314623087,0.019,0.15023779179019447,0.08490681024664234,0.671740713142579,0.9139528185022696,0.4618502002217949,0.1723185822422696,8.477961489459556,capacity_suppression
homeostatic_trap_boundary,0.053,0.005,0.005,0.4,0.16,0.15,0.15571244290742936,0.09601898268585939,0.826869967961097,0.8807589314623087,0.019,0.15023779179019447,0.08490681024664234,0.6703132980171628,0.9139528185022696,0.4614444753234782,0.17313003203890298,8.518141401731876,capacity_suppression
homeostatic_trap_boundary,0.05325,0.005,0.005,0.4,0.16,0.15,0.15571244290742936,0.09601898268585939,0.8260596494308575,0.8807589314623087,0.019,0.15023779179019447,0.08490681024664234,0.6688889853220066,0.9139528185022696,0.46103931605835846,0.17394035056914248,8.558321314004196,capacity_suppression
homeostatic_trap_boundary,0.0535,0.005,0.005,0.4,0.16,0.15,0.15571244290742936,0.09601898268585939,0.8252504603587987,0.8807589314623087,0.019,0.15023779179019447,0.08490681024664234,0.6674677682825273,0.9139528185022696,0.46063472152232904,0.17474953964120132,8.598501226276516,capacity_suppression
homeostatic_trap_boundary,0.05375,0.005,0.005,0.4,0.16,0.15,0.15571244290742936,0.09601898268585939,0.8244423989398194,0.8807589314623087,0.019,0.15023779179019447,0.08490681024664234,0.6660496401389494,0.9139528185022696,0.4602306908128394,0.1755576010601806,8.638681138548836,capacity_suppression
homeostatic_trap_boundary,0.054,0.005,0.005,0.4,0.16,0.15,0.15571244290742936,0.09601898268585939,0.8236354633719221,0.8807589314623087,0.019,0.15023779179019447,0.08490681024664234,0.6646345941462807,0.9139528185022696,0.45982722302889073,0.17636453662807794,8.678861050821157,capacity_suppression
homeostatic_trap_boundary,0.05425,0.005,0.005,0.4,0.16,0.15,0.15571244290742936,0.09601898268585939,0.8228296518562079,0.8807589314623087,0.019,0.15023779179019447,0.08490681024664234,0.6632226235742688,0.9139528185022696,0.45942431727103367,0.17717034814379207,8.719040963093477,capacity_suppression
homeostatic_trap_boundary,0.0545,0.005,0.005,0.4,0.16,0.15,0.15571244290742936,0.09601898268585939,0.8220249625968736,0.8807589314623087,0.019,0.15023779179019447,0.08490681024664234,0.6618137217073788,0.9139528185022696,0.4590219726413665,0.17797503740312637,8.759220875365797,capacity_suppression
homeostatic_trap_boundary,0.05475,0.005,0.005,0.4,0.16,0.15,0.15571244290742936,0.09601898268585939,0.821221393801201,0.8807589314623087,0.019,0.15023779179019447,0.08490681024664234,0.6604078818447571,0.9139528185022696,0.4586201882435302,0.17877860619879904,8.799400787638117,capacity_suppression
homeostatic_trap_boundary,0.055,0.005,0.005,0.4,0.16,0.15,0.15571244290742936,0.09601898268585939,0.8204189436795578,0.8807589314623087,0.019,0.15023779179019447,0.08490681024664234,0.6590050973001994,0.9139528185022696,0.4582189631827086,0.1795810563204422,8.839580699910439,capacity_suppression
homeostatic_trap_boundary,0.05525,0.005,0.005,0.4,0.16,0.15,0.15571244290742936,0.09601898268585939,0.8196176104453893,0.8807589314623087,0.019,0.15023779179019447,0.08490681024664234,0.6576053614021186,0.9139528185022696,0.45781829656562434,0.18038238955461072,8.879760612182759,capacity_suppression
homeostatic_trap_boundary,0.0555,0.005,0.005,0.4,0.16,0.15,0.15571244290742936,0.09601898268585939,0.8188173923152079,0.8807589314623087,0.019,0.15023779179019447,0.08490681024664234,0.6562086674935138,0.9139528185022696,0.45741818750053365,0.1811826076847921,8.919940524455079,capacity_suppression
homeostatic_trap_boundary,0.05575,0.005,0.005,0.4,0.16,0.15,0.15571244290742936,0.09601898268585939,0.8180182875085977,0.8807589314623087,0.019,0.15023779179019447,0.08490681024664234,0.6548150089319381,0.9139528185022696,0.45701863509722856,0.18198171249140227,8.960120436727399,capacity_suppression
homeostatic_trap_boundary,0.056,0.005,0.005,0.4,0.16,0.15,0.15571244290742936,0.09601898268585939,0.8172202942481992,0.8807589314623087,0.019,0.15023779179019447,0.08490681024664234,0.6534243790894676,0.9139528185022696,0.4566196384670293,0.1827797057518008,9.000300348999719,capacity_suppression
homeostatic_trap_boundary,0.05625,0.005,0.005,0.4,0.16,0.15,0.15571244290742936,0.09601898268585939,0.8164234107597106,0.8807589314623087,0.019,0.15023779179019447,0.08490681024664234,0.6520367713526667,0.9139528185022696,0.456221196722785,0.1835765892402894,9.04048026127204,capacity_suppression
homeostatic_trap_boundary,0.0565,0.005,0.005,0.4,0.16,0.15,0.15571244290742936,0.09601898268585939,0.8156276352718773,0.8807589314623087,0.019,0.15023779179019447,0.08490681024664234,0.65065217912256,0.9139528185022696,0.45582330897886836,0.18437236472812268,9.08066017354436,capacity_suppression
homeostatic_trap_boundary,0.05675,0.005,0.005,0.4,0.16,0.15,0.15571244290742936,0.09601898268585939,0.8148329660164905,0.8807589314623087,0.019,0.15023779179019447,0.08490681024664234,0.649270595814596,0.9139528185022696,0.45542597435117493,0.18516703398350953,9.12084008581668,homeostatic_trap
homeostatic_trap_boundary,0.057,0.005,0.005,0.4,0.16,0.15,0.15571244290742936,0.09601898268585939,0.8140394012283793,0.8807589314623087,0.019,0.15023779179019447,0.08490681024664234,0.6478920148586192,0.9139528185022696,0.45502919195711933,0.18596059877162074,9.161019998089,homeostatic_trap
homeostatic_trap_boundary,0.05725,0.005,0.005,0.4,0.16,0.15,0.15571244290742936,0.09601898268585939,0.8132469391454062,0.8807589314623087,0.019,0.15023779179019447,0.08490681024664234,0.6465164296988437,0.9139528185022696,0.4546329609156328,0.18675306085459376,9.20119991036132,homeostatic_trap
homeostatic_trap_boundary,0.0575,0.005,0.005,0.4,0.16,0.15,0.15571244290742936,0.09601898268585939,0.8124555780084614,0.8807589314623087,0.019,0.15023779179019447,0.08490681024664234,0.6451438337938084,0.9139528185022696,0.4542372803471604,0.18754442199153865,9.24137982263364,homeostatic_trap
homeostatic_trap_boundary,0.05775,0.005,0.005,0.4,0.16,0.15,0.15571244290742936,0.09601898268585939,0.8116653160614573,0.8807589314623087,0.019,0.15023779179019447,0.08490681024664234,0.6437742206163584,0.9139528185022696,0.45384214937365835,0.1883346839385427,9.28155973490596,homeostatic_trap
homeostatic_trap_boundary,0.058,0.005,0.005,0.4,0.16,0.15,0.15571244290742936,0.09601898268585939,0.8108761515513224,0.8807589314623087,0.019,0.15023779179019447,0.08490681024664234,0.6424075836536051,0.9139528185022696,0.4534475671185909,0.18912384844867758,9.32173964717828,homeostatic_trap
homeostatic_trap_boundary,0.05825,0.005,0.005,0.4,0.16,0.15,0.15571244290742936,0.09601898268585939,0.810088082727998,0.8807589314623087,0.019,0.15023779179019447,0.08490681024664234,0.6410439164069034,0.9139528185022696,0.4530535327069287,0.18991191727200196,9.3619195594506,homeostatic_trap
homeostatic_trap_boundary,0.0585,0.005,0.005,0.4,0.16,0.15,0.15571244290742936,0.09601898268585939,0.8093011078444289,0.8807589314623087,0.019,0.15023779179019447,0.08490681024664234,0.6396832123918073,0.9139528185022696,0.45266004526514414,0.19069889215557112,9.402099471722922,homeostatic_trap
homeostatic_trap_boundary,0.05875,0.005,0.005,0.4,0.16,0.15,0.15571244290742936,0.09601898268585939,0.8085152251565638,0.8807589314623087,0.019,0.15023779179019447,0.08490681024664234,0.6383254651380607,0.9139528185022696,0.4522671039212116,0.19148477484343618,9.44227938399524,homeostatic_trap
homeostatic_trap_boundary,0.059,0.005,0.005,0.4,0.16,0.15,0.15571244290742936,0.09601898268585939,0.8077304329233435,0.8807589314623087,0.019,0.15023779179019447,0.08490681024664234,0.6369706681895385,0.9139528185022696,0.4518747078046014,0.19226956707665654,9.48245929626756,homeostatic_trap
homeostatic_trap_boundary,0.05925,0.005,0.005,0.4,0.16,0.15,0.15571244290742936,0.09601898268585939,0.8069467294067002,0.8807589314623087,0.019,0.15023779179019447,0.08490681024664234,0.6356188151042385,0.9139528185022696,0.4514828560462798,0.1930532705932998,9.52263920853988,homeostatic_trap
homeostatic_trap_boundary,0.0595,0.005,0.005,0.4,0.16,0.15,0.15571244290742936,0.09601898268585939,0.8061641128715508,0.8807589314623087,0.019,0.15023779179019447,0.08490681024664234,0.6342698994542426,0.9139528185022696,0.4510915477787051,0.19383588712844924,9.5628191208122,homeostatic_trap
homeostatic_trap_boundary,0.05975,0.005,0.005,0.4,0.16,0.15,0.15571244290742936,0.09601898268585939,0.8053822801274164,0.8807589314623087,0.019,0.15023779179019447,0.08490681024664234,0.6329236862725168,0.9139528185022696,0.4507006314066379,0.19461771987258358,9.60299903308452,homeostatic_trap
homeostatic_trap_boundary,0.06,0.005,0.005,0.4,0.16,0.15,0.15571244290742936,0.09601898268585939,0.8046015261320222,0.8807589314623087,0.019,0.15023779179019447,0.08490681024664234,0.6315803946567929,0.9139528185022696,0.4503102544089408,0.19539847386797782,9.643178945356842,homeostatic_trap
homeostatic_trap_boundary,0.06025,0.005,0.005,0.4,0.16,0.15,0.15571244290742936,0.09601898268585939,0.8038218545316287,0.8807589314623087,0.019,0.15023779179019447,0.08490681024664234,0.6302400222969197,0.9139528185022696,0.44992041860874404,0.1961781454683713,9.68335885762916,homeostatic_trap
homeostatic_trap_boundary,0.0605,0.005,0.005,0.4,0.16,0.15,0.15571244290742936,0.09601898268585939,0.803043263601781,0.8807589314623087,0.019,0.15023779179019447,0.08490681024664234,0.6289025628176377,0.9139528185022696,0.4495311231438202,0.19695673639821898,9.72353876990148,homeostatic_trap
homeostatic_trap_boundary,0.06075,0.005,0.005,0.4,0.16,0.15,0.15571244290742936,0.09601898268585939,0.8022657516209863,0.8807589314623087,0.019,0.15023779179019447,0.08490681024664234,0.6275680098576353,0.9139528185022696,0.4491423671534229,0.19773424837901366,9.763718682173801,homeostatic_trap
homeostatic_trap_boundary,0.061,0.005,0.005,0.4,0.16,0.15,0.15571244290742936,0.09601898268585939,0.8014893168707033,0.8807589314623087,0.019,0.15023779179019447,0.08490681024664234,0.6262363570695026,0.9139528185022696,0.4487541497782814,0.19851068312929665,9.803898594446121,homeostatic_trap
homeostatic_trap_boundary,0.06125,0.005,0.005,0.4,0.16,0.15,0.15571244290742936,0.09601898268585939,0.8007139576353418,0.8807589314623087,0.019,0.15023779179019447,0.08490681024664234,0.624907598119714,0.9139528185022696,0.4483664701606006,0.1992860423646582,9.844078506718441,homeostatic_trap
homeostatic_trap_boundary,0.0615,0.005,0.005,0.4,0.16,0.15,0.15571244290742936,0.09601898268585939,0.7999396722022535,0.8807589314623087,0.019,0.15023779179019447,0.08490681024664234,0.6235817266885878,0.9139528185022696,0.44797932744405644,0.20006032779774652,9.884258418990761,homeostatic_trap
homeostatic_trap_boundary,0.06175,0.005,0.005,0.4,0.16,0.15,0.15571244290742936,0.09601898268585939,0.7991664588617361,0.8807589314623087,0.019,0.15023779179019447,0.08490681024664234,0.622258736470269,0.9139528185022696,0.44759272077379775,0.2008335411382639,9.924438331263083,homeostatic_trap
homeostatic_trap_boundary,0.062,0.005,0.005,0.4,0.16,0.15,0.15571244290742936,0.09601898268585939,0.7983943159070139,0.8807589314623087,0.019,0.15023779179019447,0.08490681024664234,0.6209386211726856,0.9139528185022696,0.44720664929643666,0.20160568409298607,9.964618243535403,homeostatic_trap
homeostatic_trap_boundary,0.06225,0.005,0.005,0.4,0.16,0.15,0.15571244290742936,0.09601898268585939,0.7976232416342424,0.8807589314623087,0.019,0.15023779179019447,0.08490681024664234,0.619621374517522,0.9139528185022696,0.4468211121600509,0.20237675836575764,10.004798155807723,homeostatic_trap
homeostatic_trap_boundary,0.0625,0.005,0.005,0.4,0.16,0.15,0.15571244290742936,0.09601898268585939,0.7968532343425008,0.8807589314623087,0.019,0.15023779179019447,0.08490681024664234,0.6183069902401955,0.9139528185022696,0.4464361085141801,0.20314676565749923,10.044978068080043,homeostatic_trap
homeostatic_trap_boundary,0.06275,0.005,0.005,0.4,0.16,0.15,0.15571244290742936,0.09601898268585939,0.7960842923337869,0.8807589314623087,0.019,0.15023779179019447,0.08490681024664234,0.6169954620898196,0.9139528185022696,0.44605163750982313,0.20391570766621314,10.085157980352363,homeostatic_trap
homeostatic_trap_boundary,0.063,0.005,0.005,0.4,0.16,0.15,0.15571244290742936,0.09601898268585939,0.7953164139130099,0.8807589314623087,0.019,0.15023779179019447,0.08490681024664234,0.6156867838291764,0.9139528185022696,0.44566769829943464,0.2046835860869901,10.125337892624684,homeostatic_trap
homeostatic_trap_boundary,0.06325,0.005,0.005,0.4,0.16,0.15,0.15571244290742936,0.09601898268585939,0.7945495973879861,0.8807589314623087,0.019,0.15023779179019447,0.08490681024664234,0.6143809492346859,0.9139528185022696,0.44528429003692277,0.20545040261201386,10.165517804897004,homeostatic_trap
homeostatic_trap_boundary,0.0635,0.005,0.005,0.4,0.16,0.15,0.15571244290742936,0.09601898268585939,0.793783841069435,0.8807589314623087,0.019,0.15023779179019447,0.08490681024664234,0.6130779520963758,0.9139528185022696,0.4449014118776472,0.206216158930565,10.205697717169324,homeostatic_trap
homeostatic_trap_boundary,0.06375,0.005,0.005,0.4,0.16,0.15,0.15571244290742936,0.09601898268585939,0.7930191432709747,0.8807589314623087,0.019,0.15023779179019447,0.08490681024664234,0.611777786217858,0.9139528185022696,0.44451906297841703,0.20698085672902533,10.245877629441644,homeostatic_trap
homeostatic_trap_boundary,0.064,0.005,0.005,0.4,0.16,0.15,0.15571244290742936,0.09601898268585939,0.7922555023091138,0.8807589314623087,0.019,0.15023779179019447,0.08490681024664234,0.6104804454162879,0.9139528185022696,0.4441372424974866,0.2077444976908862,10.286057541713964,homeostatic_trap
homeostatic_trap_boundary,0.06425,0.005,0.005,0.4,0.16,0.15,0.15571244290742936,0.09601898268585939,0.7914929165032447,0.8807589314623087,0.019,0.15023779179019447,0.08490681024664234,0.6091859235223368,0.9139528185022696,0.44375594959455206,0.20850708349675529,10.326237453986284,homeostatic_trap
homeostatic_trap_boundary,0.0645,0.005,0.005,0.4,0.16,0.15,0.15571244290742936,0.09601898268585939,0.7907313841756484,0.8807589314623087,0.019,0.15023779179019447,0.08490681024664234,0.6078942143801792,0.9139528185022696,0.4433751834307539,0.20926861582435163,10.366417366258604,homeostatic_trap
homeostatic_trap_boundary,0.06475,0.005,0.005,0.4,0.16,0.15,0.15571244290742936,0.09601898268585939,0.7899709036514744,0.8807589314623087,0.019,0.15023779179019447,0.08490681024664234,0.6066053118474345,0.9139528185022696,0.4429949431686669,0.21002909634852562,10.406597278530924,homeostatic_trap
homeostatic_trap_boundary,0.065,0.005,0.005,0.4,0.16,0.15,0.15571244290742936,0.09601898268585939,0.7892114732587476,0.8807589314623087,0.019,0.15023779179019447,0.08490681024664234,0.6053192097951633,0.9139528185022696,0.4426152279723035,0.21078852674125237,10.446777190803244,homeostatic_trap
agency_compression_boundary,0.09,0.005,0.005,0.4,0.16,0.15,0.15571244290742936,0.09601898268585939,0.7182957388473219,0.8807589314623087,0.019,0.15023779179019447,0.08490681024664234,0.48985520616219885,0.9139528185022696,0.40715736076659065,0.2817042611526781,14.464768418035263,homeostatic_trap
agency_compression_boundary,0.09025,0.005,0.005,0.4,0.16,0.15,0.15571244290742936,0.09601898268585939,0.717634057051874,0.8807589314623087,0.019,0.15023779179019447,0.08490681024664234,0.4888225074437257,0.9139528185022696,0.4068265198688667,0.282365942948126,14.504948330307581,homeostatic_trap
agency_compression_boundary,0.0905,0.005,0.005,0.4,0.16,0.15,0.15571244290742936,0.09601898268585939,0.7169732693812031,0.8807589314623087,0.019,0.15023779179019447,0.08490681024664234,0.4877920500761808,0.9139528185022696,0.40649612603353125,0.2830267306187969,14.545128242579903,homeostatic_trap
agency_compression_boundary,0.09075,0.005,0.005,0.4,0.16,0.15,0.15571244290742936,0.09601898268585939,0.7163133744323933,0.8807589314623087,0.019,0.15023779179019447,0.08490681024664234,0.4867638291660021,0.9139528185022696,0.40616617855912635,0.2836866255676067,14.585308154852221,homeostatic_trap
agency_compression_boundary,0.091,0.005,0.005,0.4,0.16,0.15,0.15571244290742936,0.09601898268585939,0.7156543708049146,0.8807589314623087,0.019,0.15023779179019447,0.08490681024664234,0.48573783983033303,0.9139528185022696,0.405836676745387,0.28434562919508544,14.625488067124543,homeostatic_trap
agency_compression_boundary,0.09125,0.005,0.005,0.4,0.16,0.15,0.15571244290742936,0.09601898268585939,0.7149962571006129,0.8807589314623087,0.019,0.15023779179019447,0.08490681024664234,0.4847140771969872,0.9139528185022696,0.40550761989323614,0.2850037428993871,14.665667979396863,homeostatic_trap
agency_compression_boundary,0.0915,0.005,0.005,0.4,0.16,0.15,0.15571244290742936,0.09601898268585939,0.7143390319237168,0.8807589314623087,0.019,0.15023779179019447,0.08490681024664234,0.4836925364044417,0.9139528185022696,0.4051790073047881,0.28566096807628316,14.705847891669183,homeostatic_trap
agency_compression_boundary,0.09175,0.005,0.005,0.4,0.16,0.15,0.15571244290742936,0.09601898268585939,0.7136826938808191,0.8807589314623087,0.019,0.15023779179019447,0.08490681024664234,0.4826732126017982,0.9139528185022696,0.40485083828333923,0.28631730611918094,14.746027803941503,homeostatic_trap
agency_compression_boundary,0.092,0.005,0.005,0.4,0.16,0.15,0.15571244290742936,0.09601898268585939,0.7130272415808862,0.8807589314623087,0.019,0.15023779179019447,0.08490681024664234,0.4816561009487679,0.9139528185022696,0.4045231121333728,0.28697275841911385,14.786207716213822,homeostatic_trap
agency_compression_boundary,0.09225,0.005,0.005,0.4,0.16,0.15,0.15571244290742936,0.09601898268585939,0.7123726736352444,0.8807589314623087,0.019,0.15023779179019447,0.08490681024664234,0.4806411966156485,0.9139528185022696,0.4041958281605519,0.28762732636475563,14.826387628486144,homeostatic_trap
agency_compression_boundary,0.0925,0.005,0.005,0.4,0.16,0.15,0.15571244290742936,0.09601898268585939,0.7117189886575794,0.8807589314623087,0.019,0.15023779179019447,0.08490681024664234,0.4796284947832976,0.9139528185022696,0.4038689856717194,0.28828101134242057,14.866567540758462,homeostatic_trap
agency_compression_boundary,0.09275,0.005,0.005,0.4,0.16,0.15,0.15571244290742936,0.09601898268585939,0.7110661852639337,0.8807589314623087,0.019,0.15023779179019447,0.08490681024664234,0.4786179906431119,0.9139528185022696,0.40354258397489656,0.2889338147360663,14.906747453030784,homeostatic_trap
agency_compression_boundary,0.093,0.005,0.005,0.4,0.16,0.15,0.15571244290742936,0.09601898268585939,0.710414262072698,0.8807589314623087,0.019,0.15023779179019447,0.08490681024664234,0.47760967939700394,0.9139528185022696,0.4032166223792787,0.289585737927302,14.946927365303106,homeostatic_trap
agency_compression_boundary,0.09325,0.005,0.005,0.4,0.16,0.15,0.15571244290742936,0.09601898268585939,0.7097632177046096,0.8807589314623087,0.019,0.15023779179019447,0.08490681024664234,0.4766035562573769,0.9139528185022696,0.4028911001952345,0.2902367822953904,14.987107277575424,homeostatic_trap
agency_compression_boundary,0.0935,0.005,0.005,0.4,0.16,0.15,0.15571244290742936,0.09601898268585939,0.7091130507827488,0.8807589314623087,0.019,0.15023779179019447,0.08490681024664234,0.47559961644710486,0.9139528185022696,0.4025660167343041,0.2908869492172512,15.027287189847746,homeostatic_trap
agency_compression_boundary,0.09375,0.005,0.005,0.4,0.16,0.15,0.15571244290742936,0.09601898268585939,0.7084637599325352,0.8807589314623087,0.019,0.15023779179019447,0.08490681024664234,0.4745978551995099,0.9139528185022696,0.4022413713091973,0.2915362400674648,15.067467102120064,homeostatic_trap
agency_compression_boundary,0.094,0.005,0.005,0.4,0.16,0.15,0.15571244290742936,0.09601898268585939,0.7078153437817184,0.8807589314623087,0.019,0.15023779179019447,0.08490681024664234,0.4735982677583333,0.9139528185022696,0.4019171632337889,0.2921846562182816,15.107647014392386,homeostatic_trap
agency_compression_boundary,0.09425,0.005,0.005,0.4,0.16,0.15,0.15571244290742936,0.09601898268585939,0.7071678009603816,0.8807589314623087,0.019,0.15023779179019447,0.08490681024664234,0.4726008493777201,0.9139528185022696,0.4015933918231205,0.29283219903961843,15.147826926664704,homeostatic_trap
agency_compression_boundary,0.0945,0.005,0.005,0.4,0.16,0.15,0.15571244290742936,0.09601898268585939,0.7065211301009311,0.8807589314623087,0.019,0.15023779179019447,0.08490681024664234,0.471605595322195,0.9139528185022696,0.40127005639339525,0.2934788698990689,15.188006838937024,homeostatic_trap
agency_compression_boundary,0.09475,0.005,0.005,0.4,0.16,0.15,0.15571244290742936,0.09601898268585939,0.7058753298380975,0.8807589314623087,0.019,0.15023779179019447,0.08490681024664234,0.4706125008666369,0.9139528185022696,0.40094715626197847,0.29412467016190247,15.228186751209346,homeostatic_trap
agency_compression_boundary,0.095,0.005,0.005,0.4,0.16,0.15,0.15571244290742936,0.09601898268585939,0.7052303988089244,0.8807589314623087,0.019,0.15023779179019447,0.08490681024664234,0.46962156129625493,0.9139528185022696,0.4006246907473919,0.29476960119107565,15.268366663481665,homeostatic_trap
agency_compression_boundary,0.09525,0.005,0.005,0.4,0.16,0.15,0.15571244290742936,0.09601898268585939,0.7045863356527706,0.8807589314623087,0.019,0.15023779179019447,0.08490681024664234,0.46863277190657143,0.9139528185022696,0.400302659169315,0.2954136643472294,15.308546575753986,homeostatic_trap
agency_compression_boundary,0.0955,0.005,0.005,0.4,0.16,0.15,0.15571244290742936,0.09601898268585939,0.7039431390113051,0.8807589314623087,0.019,0.15023779179019447,0.08490681024664234,0.4676461280033945,0.9139528185022696,0.39998106084858226,0.2960568609886949,15.348726488026305,homeostatic_trap
agency_compression_boundary,0.09575,0.005,0.005,0.4,0.16,0.15,0.15571244290742936,0.09601898268585939,0.7033008075284999,0.8807589314623087,0.019,0.15023779179019447,0.08490681024664234,0.4666616249027996,0.9139528185022696,0.39965989510717964,0.2966991924715001,15.388906400298627,homeostatic_trap
agency_compression_boundary,0.096,0.005,0.005,0.4,0.16,0.15,0.15571244290742936,0.09601898268585939,0.7026593398506292,0.8807589314623087,0.019,0.15023779179019447,0.08490681024664234,0.4656792579311044,0.9139528185022696,0.3993391612682443,0.2973406601493708,15.429086312570945,homeostatic_trap
agency_compression_boundary,0.09625,0.005,0.005,0.4,0.16,0.15,0.15571244290742936,0.09601898268585939,0.7020187346262615,0.8807589314623087,0.019,0.15023779179019447,0.08490681024664234,0.4646990224248426,0.9139528185022696,0.39901885865606046,0.2979812653737385,15.469266224843267,homeostatic_trap
agency_compression_boundary,0.0965,0.005,0.005,0.4,0.16,0.15,0.15571244290742936,0.09601898268585939,0.7013789905062625,0.8807589314623087,0.019,0.15023779179019447,0.08490681024664234,0.4637209137307539,0.9139528185022696,0.39869898659606096,0.2986210094937375,15.509446137115589,homeostatic_trap
agency_compression_boundary,0.09675,0.005,0.005,0.4,0.16,0.15,0.15571244290742936,0.09601898268585939,0.7007401061437817,0.8807589314623087,0.019,0.15023779179019447,0.08490681024664234,0.4627449272057474,0.9139528185022696,0.39837954441482054,0.2992598938562183,15.549626049387907,homeostatic_trap
agency_compression_boundary,0.097,0.005,0.005,0.4,0.16,0.15,0.15571244290742936,0.09601898268585939,0.7001020801942534,0.8807589314623087,0.019,0.15023779179019447,0.08490681024664234,0.4617710582168848,0.9139528185022696,0.3980605314400564,0.29989791980574665,15.589805961660229,homeostatic_trap
agency_compression_boundary,0.09725,0.005,0.005,0.4,0.16,0.15,0.15571244290742936,0.09601898268585939,0.6994649113153946,0.8807589314623087,0.019,0.15023779179019447,0.08490681024664234,0.460799302141364,0.9139528185022696,0.397741947000627,0.30053508868460543,15.629985873932547,homeostatic_trap
agency_compression_boundary,0.0975,0.005,0.005,0.4,0.16,0.15,0.15571244290742936,0.09601898268585939,0.6988285981671969,0.8807589314623087,0.019,0.15023779179019447,0.08490681024664234,0.45982965436648715,0.9139528185022696,0.39742379042652815,0.3011714018328031,15.670165786204867,homeostatic_trap
agency_compression_boundary,0.09775,0.005,0.005,0.4,0.16,0.15,0.15571244290742936,0.09601898268585939,0.698193139411925,0.8807589314623087,0.019,0.15023779179019447,0.08490681024664234,0.45886211028964574,0.9139528185022696,0.3971060610488922,0.30180686058807504,15.710345698477187,homeostatic_trap
agency_compression_boundary,0.098,0.005,0.005,0.4,0.16,0.15,0.15571244290742936,0.09601898268585939,0.6975585337141126,0.8807589314623087,0.019,0.15023779179019447,0.08490681024664234,0.4578966653182982,0.9139528185022696,0.396788758199986,0.3024414662858874,15.750525610749508,homeostatic_trap
agency_compression_boundary,0.09825,0.005,0.005,0.4,0.16,0.15,0.15571244290742936,0.09601898268585939,0.6969247797405547,0.8807589314623087,0.019,0.15023779179019447,0.08490681024664234,0.4569333148699422,0.9139528185022696,0.39647188121320703,0.30307522025944533,15.79070552302183,homeostatic_trap
agency_compression_boundary,0.0985,0.005,0.005,0.4,0.16,0.15,0.15571244290742936,0.09601898268585939,0.6962918761603075,0.8807589314623087,0.019,0.15023779179019447,0.08490681024664234,0.4559720543720951,0.9139528185022696,0.39615542942308346,0.3037081238396925,15.830885435294148,homeostatic_trap
agency_compression_boundary,0.09875,0.005,0.005,0.4,0.16,0.15,0.15571244290742936,0.09601898268585939,0.6956598216446839,0.8807589314623087,0.019,0.15023779179019447,0.08490681024664234,0.45501287926227635,0.9139528185022696,0.39583940216527164,0.3043401783553161,15.87106534756647,homeostatic_trap
agency_compression_boundary,0.099,0.005,0.005,0.4,0.16,0.15,0.15571244290742936,0.09601898268585939,0.6950286148672497,0.8807589314623087,0.019,0.15023779179019447,0.08490681024664234,0.454055784987982,0.9139528185022696,0.3955237987765545,0.30497138513275035,15.911245259838788,homeostatic_trap
agency_compression_boundary,0.09925,0.005,0.005,0.4,0.16,0.15,0.15571244290742936,0.09601898268585939,0.694398254503816,0.8807589314623087,0.019,0.15023779179019447,0.08490681024664234,0.4531007670066638,0.9139528185022696,0.3952086185948377,0.305601745496184,15.95142517211111,homeostatic_trap
agency_compression_boundary,0.0995,0.005,0.005,0.4,0.16,0.15,0.15571244290742936,0.09601898268585939,0.6937687392324388,0.8807589314623087,0.019,0.15023779179019447,0.08490681024664234,0.45214782078570115,0.9139528185022696,0.3948938609591491,0.30623126076756124,15.991605084383428,homeostatic_trap
agency_compression_boundary,0.09975,0.005,0.005,0.4,0.16,0.15,0.15571244290742936,0.09601898268585939,0.6931400677334182,0.8807589314623087,0.019,0.15023779179019447,0.08490681024664234,0.45119694180239694,0.9139528185022696,0.3945795252096388,0.3068599322665818,16.031784996655748,homeostatic_trap
agency_compression_boundary,0.1,0.005,0.005,0.4,0.16,0.15,0.15571244290742936,0.09601898268585939,0.6925122386892846,0.8807589314623087,0.019,0.15023779179019447,0.08490681024664234,0.45024812554393323,0.9139528185022696,0.394265610687572,0.3074877613107154,16.07196490892807,homeostatic_trap
agency_compression_boundary,0.10025,0.005,0.005,0.4,0.16,0.15,0.15571244290742936,0.09601898268585939,0.6918852507848008,0.8807589314623087,0.019,0.15023779179019447,0.08490681024664234,0.4493013675073624,0.9139528185022696,0.3939521167353301,0.3081147492151992,16.11214482120039,homeostatic_trap
agency_compression_boundary,0.1005,0.005,0.005,0.4,0.16,0.15,0.15571244290742936,0.09601898268585939,0.6912591027069636,0.8807589314623087,0.019,0.15023779179019447,0.08490681024664234,0.44835666319958983,0.9139528185022696,0.3936390426964115,0.30874089729303644,16.15232473347271,homeostatic_trap
agency_compression_boundary,0.10075,0.005,0.005,0.4,0.16,0.15,0.15571244290742936,0.09601898268585939,0.6906337931449862,0.8807589314623087,0.019,0.15023779179019447,0.08490681024664234,0.4474140081373388,0.9139528185022696,0.3933263879154228,0.3093662068550138,16.19250464574503,homeostatic_trap
agency_compression_boundary,0.101,0.005,0.005,0.4,0.16,0.15,0.15571244290742936,0.09601898268585939,0.6900093207903065,0.8807589314623087,0.019,0.15023779179019447,0.08490681024664234,0.44647339784714135,0.9139528185022696,0.39301415173808296,0.3099906792096935,16.23268455801735,homeostatic_trap
agency_compression_boundary,0.10125,0.005,0.005,0.4,0.16,0.15,0.15571244290742936,0.09601898268585939,0.6893856843365788,0.8807589314623087,0.019,0.15023779179019447,0.08490681024664234,0.44553482786530857,0.9139528185022696,0.3927023335112191,0.31061431566342124,16.27286447028967,homeostatic_trap
agency_compression_boundary,0.1015,0.005,0.005,0.4,0.16,0.15,0.15571244290742936,0.09601898268585939,0.6887628824796664,0.8807589314623087,0.019,0.15023779179019447,0.08490681024664234,0.4445982937379143,0.9139528185022696,0.3923909325827629,0.31123711752033356,16.31304438256199,homeostatic_trap
agency_compression_boundary,0.10175,0.005,0.005,0.4,0.16,0.15,0.15571244290742936,0.09601898268585939,0.6881409139176458,0.8807589314623087,0.019,0.15023779179019447,0.08490681024664234,0.44366379102077363,0.9139528185022696,0.3920799483017526,0.31185908608235424,16.35322429483431,homeostatic_trap
agency_compression_boundary,0.102,0.005,0.005,0.4,0.16,0.15,0.15571244290742936,0.09601898268585939,0.6875197773507921,0.8807589314623087,0.019,0.15023779179019447,0.08490681024664234,0.442731315279415,0.9139528185022696,0.39176938001832573,0.31248022264920794,16.393404207106627,homeostatic_trap
agency_compression_boundary,0.10225,0.005,0.005,0.4,0.16,0.15,0.15571244290742936,0.09601898268585939,0.686899471481584,0.8807589314623087,0.019,0.15023779179019447,0.08490681024664234,0.44180086208906727,0.9139528185022696,0.3914592270837217,0.31310052851841597,16.43358411937895,homeostatic_trap
agency_compression_boundary,0.1025,0.005,0.005,0.4,0.16,0.15,0.15571244290742936,0.09601898268585939,0.6862799950146977,0.8807589314623087,0.019,0.15023779179019447,0.08490681024664234,0.44087242703463736,0.9139528185022696,0.39114948885027856,0.3137200049853023,16.473764031651267,homeostatic_trap
agency_compression_boundary,0.10275,0.005,0.005,0.4,0.16,0.15,0.15571244290742936,0.09601898268585939,0.685661346657,0.8807589314623087,0.019,0.15023779179019447,0.08490681024664234,0.4399460057106815,0.9139528185022696,0.3908401646714297,0.31433865334300004,16.51394394392359,homeostatic_trap
agency_compression_boundary,0.103,0.005,0.005,0.4,0.16,0.15,0.15571244290742936,0.09601898268585939,0.685043525117546,0.8807589314623087,0.019,0.15023779179019447,0.08490681024664234,0.4390215937213913,0.9139528185022696,0.3905312539017027,0.31495647488245404,16.55412385619591,homeostatic_trap
agency_compression_boundary,0.10325,0.005,0.005,0.4,0.16,0.15,0.15571244290742936,0.09601898268585939,0.6844265291075784,0.8807589314623087,0.019,0.15023779179019447,0.08490681024664234,0.43809918668057496,0.9139528185022696,0.3902227558967189,0.3155734708924216,16.59430376846823,homeostatic_trap
agency_compression_boundary,0.1035,0.005,0.005,0.4,0.16,0.15,0.15571244290742936,0.09601898268585939,0.6838103573405172,0.8807589314623087,0.019,0.15023779179019447,0.08490681024664234,0.43717878021162543,0.9139528185022696,0.3899146700131883,0.3161896426594828,16.63448368074055,homeostatic_trap
agency_compression_boundary,0.10375,0.005,0.005,0.4,0.16,0.15,0.15571244290742936,0.09601898268585939,0.6831950085319624,0.8807589314623087,0.019,0.15023779179019447,0.08490681024664234,0.43626036994751155,0.9139528185022696,0.3896069956089109,0.31680499146803764,16.67466359301287,homeostatic_trap
agency_compression_boundary,0.104,0.005,0.005,0.4,0.16,0.15,0.15571244290742936,0.09601898268585939,0.682580481399686,0.8807589314623087,0.019,0.15023779179019447,0.08490681024664234,0.43534395153074906,0.9139528185022696,0.3892997320427727,0.31741951860031403,16.71484350528519,homeostatic_trap
agency_compression_boundary,0.10425,0.005,0.005,0.4,0.16,0.15,0.15571244290742936,0.09601898268585939,0.6819667746636279,0.8807589314623087,0.019,0.15023779179019447,0.08490681024664234,0.4344295206133825,0.9139528185022696,0.38899287867474364,0.3180332253363721,16.75502341755751,homeostatic_trap
agency_compression_boundary,0.1045,0.005,0.005,0.4,0.16,0.15,0.15571244290742936,0.09601898268585939,0.6813538870458976,0.8807589314623087,0.019,0.15023779179019447,0.08490681024664234,0.4335170728569677,0.9139528185022696,0.3886864348658785,0.3186461129541024,16.79520332982983,homeostatic_trap
agency_compression_boundary,0.10475,0.005,0.005,0.4,0.16,0.15,0.15571244290742936,0.09601898268585939,0.6807418172707598,0.8807589314623087,0.019,0.15023779179019447,0.08490681024664234,0.4326066039325384,0.9139528185022696,0.3883803999783096,0.3192581827292402,16.835383242102154,homeostatic_trap
agency_compression_boundary,0.105,0.005,0.005,0.4,0.16,0.15,0.15571244290742936,0.09601898268585939,0.6801305640646429,0.8807589314623087,0.019,0.15023779179019447,0.08490681024664234,0.431698109520605,0.9139528185022696,0.38807477337525115,0.3198694359353571,16.875563154374472,homeostatic_trap
